Workbook

Sheet All_10_Runs
A1: Dataset | B1: PDB ID | C1: Run 1 | D1: Run 2 | E1: Run 3 | F1: Run 4 | G1: Run 5 | H1: Run 6 | I1: Run 7 | J1: Run 8 | K1: Run 9 | L1: Run 10 | M1: Mean (10 runs) | N1: Std (10 runs)
A2: size_200 | B2: 1A2X_model_0 | C2: 0.5245 | D2: 0.5219 | E2: 0.5292 | F2: 0.539 | G2: 0.5154 | H2: 0.4604 | I2: 0.512 | J2: 0.4835 | K2: 0.4989 | L2: 0.5161 | M2: =AVERAGE(C2:L2) -> 0.51009 | N2: =_xlfn.STDEV.S(C2:L2) -> 0.023374747
A3: size_200 | B3: 1A30_model_0 | C3: 0.407 | D3: 0.4502 | E3: 0.4445 | F3: 0.4508 | G3: 0.4707 | H3: 0.4284 | I3: 0.5081 | J3: 0.5131 | K3: 0.4448 | L3: 0.437 | M3: =AVERAGE(C3:L3) -> 0.45546 | N3: =_xlfn.STDEV.S(C3:L3) -> 0.033383502
A4: size_200 | B4: 1B6J_model_0 | C4: 0.512 | D4: 0.4639 | E4: 0.411 | F4: 0.4853 | G4: 0.4603 | H4: 0.4677 | I4: 0.4904 | J4: 0.517 | K4: 0.5241 | L4: 0.4503 | M4: =AVERAGE(C4:L4) -> 0.4782 | N4: =_xlfn.STDEV.S(C4:L4) -> 0.034774416
A5: size_200 | B5: 1CF7_model_0 | C5: 0.5614 | D5: 0.6301 | E5: 0.6414 | F5: 0.631 | G5: 0.6038 | H5: 0.6114 | I5: 0.6088 | J5: 0.5734 | K5: 0.6108 | L5: 0.639 | M5: =AVERAGE(C5:L5) -> 0.61111 | N5: =_xlfn.STDEV.S(C5:L5) -> 0.026674268
A6: size_200 | B6: 1CMI_model_0 | C6: 0.4197 | D6: 0.3609 | E6: 0.3687 | F6: 0.4217 | G6: 0.4376 | H6: 0.3983 | I6: 0.4024 | J6: 0.4446 | K6: 0.4478 | L6: 0.4163 | M6: =AVERAGE(C6:L6) -> 0.4118 | N6: =_xlfn.STDEV.S(C6:L6) -> 0.029696951
A7: size_200 | B7: 1CPI_model_0 | C7: 0.4461 | D7: 0.4569 | E7: 0.4756 | F7: 0.4601 | G7: 0.4793 | H7: 0.5196 | I7: 0.4956 | J7: 0.49 | K7: 0.4891 | L7: 0.5161 | M7: =AVERAGE(C7:L7) -> 0.48284 | N7: =_xlfn.STDEV.S(C7:L7) -> 0.024302638
A8: size_200 | B8: 1DJ7_model_0 | C8: 0.5294 | D8: 0.504 | E8: 0.51 | F8: 0.5707 | G8: 0.5129 | H8: 0.51 | I8: 0.5204 | J8: 0.4736 | K8: 0.5181 | L8: 0.5193 | M8: =AVERAGE(C8:L8) -> 0.51684 | N8: =_xlfn.STDEV.S(C8:L8) -> 0.024089241
A9: size_200 | B9: 1DSZ_model_0 | C9: 0.5262 | D9: 0.5295 | E9: 0.5154 | F9: 0.5046 | G9: 0.5387 | H9: 0.5633 | I9: 0.5214 | J9: 0.5277 | K9: 0.5195 | L9: 0.4828 | M9: =AVERAGE(C9:L9) -> 0.52291 | N9: =_xlfn.STDEV.S(C9:L9) -> 0.021008593
A10: size_200 | B10: 1EJ4_model_0 | C10: 0.5371 | D10: 0.5191 | E10: 0.5465 | F10: 0.513 | G10: 0.5341 | H10: 0.5242 | I10: 0.5119 | J10: 0.4959 | K10: 0.5284 | L10: 0.503 | M10: =AVERAGE(C10:L10) -> 0.52132 | N10: =_xlfn.STDEV.S(C10:L10) -> 0.015809547
A11: size_200 | B11: 1F7A_model_0 | C11: 0.4596 | D11: 0.4228 | E11: 0.4226 | F11: 0.4126 | G11: 0.4395 | H11: 0.4015 | I11: 0.3773 | J11: 0.4554 | K11: 0.413 | L11: 0.4612 | M11: =AVERAGE(C11:L11) -> 0.42655 | N11: =_xlfn.STDEV.S(C11:L11) -> 0.027394008
A12: size_200 | B12: 1F95_model_0 | C12: 0.4224 | D12: 0.47 | E12: 0.41 | F12: 0.5029 | G12: 0.3969 | H12: 0.4017 | I12: 0.364 | J12: 0.4004 | K12: 0.4769 | L12: 0.3908 | M12: =AVERAGE(C12:L12) -> 0.4236 | N12: =_xlfn.STDEV.S(C12:L12) -> 0.044506529
A13: size_200 | B13: 1FAP_model_0 | C13: 0.5389 | D13: 0.5423 | E13: 0.535 | F13: 0.5592 | G13: 0.5262 | H13: 0.5677 | I13: 0.5347 | J13: 0.5273 | K13: 0.5293 | L13: 0.535 | M13: =AVERAGE(C13:L13) -> 0.53956 | N13: =_xlfn.STDEV.S(C13:L13) -> 0.013682121
... A301: size_600 | B301: 3DRI_model_0 | C301: 0.5722 | D301: 0.5786 | E301: 0.6125 | F301: 0.5906 | G301: 0.5716 | H301: 0.5928 | I301: 0.5995 | J301: 0.6284 | K301: 0.5971 | L301: 0.5779 | M301: =AVERAGE(C301:L301) -> 0.59212 | N301: =_xlfn.STDEV.S(C301:L301) -> 0.018307545

Sheet Summary
A1: Dataset | B1: Count | C1: Run 1 Avg | D1: Run 2 Avg | E1: Run 3 Avg | F1: Run 4 Avg | G1: Run 5 Avg | H1: Run 6 Avg | I1: Run 7 Avg | J1: Run 8 Avg | K1: Run 9 Avg | L1: Run 10 Avg | M1: Mean of 10-run Means | N1: Avg Std
A2: size_200 | B2: =COUNTIF(All_10_Runs!$A$2:$A$301,A2) -> 100 | C2: =AVERAGEIF(All_10_Runs!$A$2:$A$301,A2,All_10_Runs!$C$2:$C$301) -> 0.490975 | D2: =AVERAGEIF(All_10_Runs!$A$2:$A$301,A2,All_10_Runs!$D$2:$D$301) -> 0.489879 | E2: =AVERAGEIF(All_10_Runs!$A$2:$A$301,A2,All_10_Runs!$E$2:$E$301) -> 0.49068 | F2: =AVERAGEIF(All_10_Runs!$A$2:$A$301,A2,All_10_Runs!$F$2:$F$301) -> 0.492551 | G2: =AVERAGEIF(All_10_Runs!$A$2:$A$301,A2,All_10_Runs!$G$2:$G$301) -> 0.486289 | H2: =AVERAGEIF(All_10_Runs!$A$2:$A$301,A2,All_10_Runs!$H$2:$H$301) -> 0.486269 | I2: =AVERAGEIF(All_10_Runs!$A$2:$A$301,A2,All_10_Runs!$I$2:$I$301) -> 0.485017 | J2: =AVERAGEIF(All_10_Runs!$A$2:$A$301,A2,All_10_Runs!$J$2:$J$301) -> 0.488706 | K2: =AVERAGEIF(All_10_Runs!$A$2:$A$301,A2,All_10_Runs!$K$2:$K$301) -> 0.491037 | L2: =AVERAGEIF(All_10_Runs!$A$2:$A$301,A2,All_10_Runs!$L$2:$L$301) -> 0.480115 | M2: =AVERAGEIF(All_10_Runs!$A$2:$A$301,A2,All_10_Runs!$M$2:$M$301) -> 0.4881518 | N2: =AVERAGEIF(All_10_Runs!$A$2:$A$301,A2,All_10_Runs!$N$2:$N$301) -> 0.024370015
A3: size_400 | B3: =COUNTIF(All_10_Runs!$A$2:$A$301,A3) -> 100 | C3: =AVERAGEIF(All_10_Runs!$A$2:$A$301,A3,All_10_Runs!$C$2:$C$301) -> 0.599865 | D3: =AVERAGEIF(All_10_Runs!$A$2:$A$301,A3,All_10_Runs!$D$2:$D$301) -> 0.596567 | E3: =AVERAGEIF(All_10_Runs!$A$2:$A$301,A3,All_10_Runs!$E$2:$E$301) -> 0.600359 | F3: =AVERAGEIF(All_10_Runs!$A$2:$A$301,A3,All_10_Runs!$F$2:$F$301) -> 0.601498 | G3: =AVERAGEIF(All_10_Runs!$A$2:$A$301,A3,All_10_Runs!$G$2:$G$301) -> 0.598686 | H3: =AVERAGEIF(All_10_Runs!$A$2:$A$301,A3,All_10_Runs!$H$2:$H$301) -> 0.600467 | I3: =AVERAGEIF(All_10_Runs!$A$2:$A$301,A3,All_10_Runs!$I$2:$I$301) -> 0.598676 | J3: =AVERAGEIF(All_10_Runs!$A$2:$A$301,A3,All_10_Runs!$J$2:$J$301) -> 0.601942 | K3: =AVERAGEIF(All_10_Runs!$A$2:$A$301,A3,All_10_Runs!$K$2:$K$301) -> 0.59719 | L3: =AVERAGEIF(All_10_Runs!$A$2:$A$301,A3,All_10_Runs!$L$2:$L$301) -> 0.600378 | M3: =AVERAGEIF(All_10_Runs!$A$2:$A$301,A3,All_10_Runs!$M$2:$M$301) -> 0.5995628 | N3: =AVERAGEIF(All_10_Runs!$A$2:$A$301,A3,All_10_Runs!$N$2:$N$301) -> 0.019155224
A4: size_600 | B4: =COUNTIF(All_10_Runs!$A$2:$A$301,A4) -> 100 | C4: =AVERAGEIF(All_10_Runs!$A$2:$A$301,A4,All_10_Runs!$C$2:$C$301) -> 0.62864 | D4: =AVERAGEIF(All_10_Runs!$A$2:$A$301,A4,All_10_Runs!$D$2:$D$301) -> 0.631817 | E4: =AVERAGEIF(All_10_Runs!$A$2:$A$301,A4,All_10_Runs!$E$2:$E$301) -> 0.632027 | F4: =AVERAGEIF(All_10_Runs!$A$2:$A$301,A4,All_10_Runs!$F$2:$F$301) -> 0.631041 | G4: =AVERAGEIF(All_10_Runs!$A$2:$A$301,A4,All_10_Runs!$G$2:$G$301) -> 0.633076 | H4: =AVERAGEIF(All_10_Runs!$A$2:$A$301,A4,All_10_Runs!$H$2:$H$301) -> 0.634248 | I4: =AVERAGEIF(All_10_Runs!$A$2:$A$301,A4,All_10_Runs!$I$2:$I$301) -> 0.631887 | J4: =AVERAGEIF(All_10_Runs!$A$2:$A$301,A4,All_10_Runs!$J$2:$J$301) -> 0.633098 | K4: =AVERAGEIF(All_10_Runs!$A$2:$A$301,A4,All_10_Runs!$K$2:$K$301) -> 0.632327 | L4: =AVERAGEIF(All_10_Runs!$A$2:$A$301,A4,All_10_Runs!$L$2:$L$301) -> 0.632456 | M4: =AVERAGEIF(All_10_Runs!$A$2:$A$301,A4,All_10_Runs!$M$2:$M$301) -> 0.6320617 | N4: =AVERAGEIF(All_10_Runs!$A$2:$A$301,A4,All_10_Runs!$N$2:$N$301) -> 0.014052066
A5: Overall | B5: =COUNTA(All_10_Runs!$B$2:$B$301) -> 300 | C5: =AVERAGE(All_10_Runs!$C$2:$C$301) -> 0.57316 | D5: =AVERAGE(All_10_Runs!$D$2:$D$301) -> 0.57275433 | E5: =AVERAGE(All_10_Runs!$E$2:$E$301) -> 0.57435533 | F5: =AVERAGE(All_10_Runs!$F$2:$F$301) -> 0.57503 | G5: =AVERAGE(All_10_Runs!$G$2:$G$301) -> 0.57268367 | H5: =AVERAGE(All_10_Runs!$H$2:$H$301) -> 0.57366133 | I5: =AVERAGE(All_10_Runs!$I$2:$I$301) -> 0.57186 | J5: =AVERAGE(All_10_Runs!$J$2:$J$301) -> 0.574582 | K5: =AVERAGE(All_10_Runs!$K$2:$K$301) -> 0.573518 | L5: =AVERAGE(All_10_Runs!$L$2:$L$301) -> 0.570983 | M5: =AVERAGE(All_10_Runs!$M$2:$M$301) -> 0.57325877 | N5: =AVERAGE(All_10_Runs!$N$2:$N$301) -> 0.019192435

Sheet Sources
A1: Run(s) | B1: Source file | C1: Notes
A2: Run 1-10 | B2: boltz2_detailed_iptm_summary.pdf | C2: Detailed ipTM tables for size_200, size_400, and size_600 extracted from 9 PDF pages.
A3: Format template | B3: Boltz2-score_10_runs_summary_table.xlsx | C3: Used as the Excel layout template requested by the user.
